{
  "asset_id": "authored_sherman_chassis_v1",
  "revision": "v1-2-silhouette-fit-chassis-shell",
  "shell_bounds": {
    "min": [
      -1.7400000095367432,
      -0.44999998807907104,
      -1.2200000286102295
    ],
    "max": [
      1.7000000476837158,
      0.8999999761581421,
      1.2200000286102295
    ],
    "size": [
      3.440000057220459,
      1.3499999642372131,
      2.440000057220459
    ]
  },
  "top_band_bounds": {
    "min": [
      -1.1712669134140015,
      0.8734384775161743,
      -0.8300013542175293
    ],
    "max": [
      0.550000011920929,
      0.8999999761581421,
      0.8300013542175293
    ],
    "size": [
      1.7212669253349304,
      0.026561498641967773,
      1.6600027084350586
    ]
  },
  "deck_bounds": {
    "min": [
      -1.7285829782485962,
      0.7123967409133911,
      -0.807823657989502
    ],
    "max": [
      1.1799999475479126,
      0.8999999761581421,
      0.8300013542175293
    ],
    "size": [
      2.908582925796509,
      0.18760323524475098,
      1.6378250122070312
    ]
  },
  "material_summary": {
    "hull_glacis": {
      "area": 2.2221,
      "normal": [
        -0.9336,
        -0.3584,
        -0.0025
      ],
      "bounds": {
        "min": [
          1.1799999475479126,
          -0.40794628858566284,
          -0.9479999542236328
        ],
        "max": [
          1.7000000476837158,
          0.7200000286102295,
          0.9479999542236328
        ],
        "size": [
          0.5200001001358032,
          1.1279463171958923,
          1.8959999084472656
        ]
      }
    },
    "hull_left": {
      "area": 2.2134,
      "normal": [
        -0.031,
        0.0183,
        -0.9994
      ],
      "bounds": {
        "min": [
          -1.7400000095367432,
          -0.323604941368103,
          0.9479999542236328
        ],
        "max": [
          1.7000000476837158,
          0.3400000035762787,
          1.2200000286102295
        ],
        "size": [
          3.440000057220459,
          0.6636049449443817,
          0.2720000743865967
        ]
      }
    },
    "hull_right": {
      "area": 2.158,
      "normal": [
        -0.0327,
        -0.002,
        0.9995
      ],
      "bounds": {
        "min": [
          -1.7282999753952026,
          -0.3079974353313446,
          -1.2200000286102295
        ],
        "max": [
          1.7000000476837158,
          0.3400000035762787,
          -0.9479999542236328
        ],
        "size": [
          3.4283000230789185,
          0.6479974389076233,
          0.2720000743865967
        ]
      }
    },
    "hull_rear": {
      "area": 2.328,
      "normal": [
        1,
        0.0015,
        0.0006
      ],
      "bounds": {
        "min": [
          -1.7400000095367432,
          -0.44020673632621765,
          -1.0824211835861206
        ],
        "max": [
          -1.7280093431472778,
          0.7231495380401611,
          1.0824211835861206
        ],
        "size": [
          0.011990666389465332,
          1.1633562743663788,
          2.164842367172241
        ]
      }
    },
    "engine_deck": {
      "area": 1.897,
      "normal": [
        -0.0301,
        -0.9995,
        -0.0025
      ],
      "bounds": {
        "min": [
          -1.7285829782485962,
          0.7123967409133911,
          -0.807823657989502
        ],
        "max": [
          1.1799999475479126,
          0.8999999761581421,
          0.8300013542175293
        ],
        "size": [
          2.908582925796509,
          0.18760323524475098,
          1.6378250122070312
        ]
      }
    },
    "sponson_left": {
      "area": 2.2746,
      "normal": [
        -0.0512,
        -0.6152,
        -0.7867
      ],
      "bounds": {
        "min": [
          -1.7400000095367432,
          0.170358344912529,
          0.5714194178581238
        ],
        "max": [
          1.7000000476837158,
          0.8933472037315369,
          1.2200000286102295
        ],
        "size": [
          3.440000057220459,
          0.7229888588190079,
          0.6485806107521057
        ]
      }
    },
    "sponson_right": {
      "area": 2.3313,
      "normal": [
        -0.0571,
        -0.6294,
        0.775
      ],
      "bounds": {
        "min": [
          -1.7285829782485962,
          0.170358344912529,
          -1.2200000286102295
        ],
        "max": [
          1.7000000476837158,
          0.8999999761581421,
          -0.5714194178581238
        ],
        "size": [
          3.428583025932312,
          0.7296416312456131,
          0.6485806107521057
        ]
      }
    },
    "turret_ring_cap": {
      "area": 2.7685,
      "normal": [
        0.0117,
        -0.9999,
        -0.0041
      ],
      "bounds": {
        "min": [
          -1.1712669134140015,
          0.8734384775161743,
          -0.807823657989502
        ],
        "max": [
          0.550000011920929,
          0.8999999761581421,
          0.8300013542175293
        ],
        "size": [
          1.7212669253349304,
          0.026561498641967773,
          1.6378250122070312
        ]
      }
    },
    "belly_shadow": {
      "area": 8.1012,
      "normal": [
        -0.0116,
        0.9999,
        0.0068
      ],
      "bounds": {
        "min": [
          -1.7400000095367432,
          -0.44999998807907104,
          -1.2200000286102295
        ],
        "max": [
          1.7000000476837158,
          -0.27843785285949707,
          1.2083532810211182
        ],
        "size": [
          3.440000057220459,
          0.17156213521957397,
          2.4283533096313477
        ]
      }
    }
  }
}
