{
  "artifact_type": "boxmodel_dominant_shape_baseline",
  "model_revision": "v1-15-cast-turret-readable-wheels",
  "nodes": {
    "hull_lower_tub__hull_left": {
      "min": [
        -1.8200000077486038,
        -0.3199999928474426,
        -0.5799999833106995
      ],
      "max": [
        1.6600000113248825,
        0.09999999403953552,
        0.5799999833106995
      ],
      "size": [
        3.4800000190734863,
        0.41999998688697815,
        1.159999966621399
      ]
    },
    "left_sloped_sponson__hull_left": {
      "min": [
        -1.7767384052276611,
        -0.4100782573223114,
        0.4935706555843353
      ],
      "max": [
        1.7230719327926636,
        0.6998427510261536,
        1.0697494745254517
      ],
      "size": [
        3.4998103380203247,
        1.109921008348465,
        0.5761788189411163
      ]
    },
    "right_sloped_sponson__hull_right": {
      "min": [
        -1.7767385244369507,
        -0.4100782573223114,
        -1.069749355316162
      ],
      "max": [
        1.7230719327926636,
        0.6976025104522705,
        -0.49255800247192383
      ],
      "size": [
        3.4998104572296143,
        1.107680767774582,
        0.5771913528442383
      ]
    },
    "left_track_motion": {
      "min": [
        -1.7900000102818012,
        -0.510000005364418,
        0.7199999839067459
      ],
      "max": [
        1.690000008791685,
        -0.03000001609325409,
        0.939999982714653
      ],
      "size": [
        3.4800000190734863,
        0.47999998927116394,
        0.2199999988079071
      ]
    },
    "right_track_motion": {
      "min": [
        -1.7900000102818012,
        -0.510000005364418,
        -0.939999982714653
      ],
      "max": [
        1.690000008791685,
        -0.03000001609325409,
        -0.7199999839067459
      ],
      "size": [
        3.4800000190734863,
        0.47999998927116394,
        0.2199999988079071
      ]
    },
    "turret_cast_oval_shell__turret_left": {
      "min": [
        -0.5599999837577343,
        0.6310000270605087,
        -0.550000011920929
      ],
      "max": [
        0.7400000281631947,
        1.2180000245571136,
        0.550000011920929
      ],
      "size": [
        1.300000011920929,
        0.5869999974966049,
        1.100000023841858
      ]
    }
  }
}
