{
  "metrics": {
    "aggregate": {
      "silhouette_iou": 0.7402539541100468,
      "source_pixels": 16768,
      "candidate_pixels": 14480
    },
    "left_silhouette": {
      "silhouette_iou": 0.7153881071266455,
      "source_pixels": 6297,
      "candidate_pixels": 5040
    },
    "right_silhouette": {
      "silhouette_iou": 0.7375324497882224,
      "source_pixels": 6453,
      "candidate_pixels": 6264
    },
    "front_silhouette": {
      "silhouette_iou": 0.8947965226155978,
      "source_pixels": 7315,
      "candidate_pixels": 7724
    },
    "deck_region": {
      "silhouette_iou": 0.5474303247251342,
      "source_pixels": 7349,
      "candidate_pixels": 4755
    }
  },
  "region_depth_errors": {
    "lower_front": {
      "mean_abs_depth_error": 0.02433604448175705,
      "p95_abs_depth_error": 0.049439430236816406,
      "shared_pixels": 6252
    },
    "upper_glacis": {
      "mean_abs_depth_error": 0.05458907309722191,
      "p95_abs_depth_error": 0.0955204963684082,
      "shared_pixels": 3227
    },
    "left_cheek": {
      "mean_abs_depth_error": 0.09236429185004161,
      "p95_abs_depth_error": 0.1538233757019043,
      "shared_pixels": 2265
    },
    "right_cheek": {
      "mean_abs_depth_error": 0.08160381876156182,
      "p95_abs_depth_error": 0.17000293731689453,
      "shared_pixels": 1996
    },
    "left_side": {
      "mean_abs_depth_error": 0.02983797794323789,
      "p95_abs_depth_error": 0.04899454116821289,
      "shared_pixels": 418
    },
    "right_side": {
      "mean_abs_depth_error": 0.18251229467846097,
      "p95_abs_depth_error": 0.33835554122924805,
      "shared_pixels": 168
    },
    "rear_deck": {
      "mean_abs_depth_error": 0.104219874572908,
      "p95_abs_depth_error": 0.32929134368896484,
      "shared_pixels": 4951
    },
    "turret_ring_support": {
      "mean_abs_depth_error": 0.08646950819481868,
      "p95_abs_depth_error": 0.31269264221191406,
      "shared_pixels": 1366
    }
  },
  "seam_metrics": {
    "maximum_seam_gap": 0.0,
    "maximum_unintended_overlap": 0.0,
    "method": "template coordinates and closed authored solids"
  }
}
