{
  "asset_id": "real_sherman_upper_glacis_measurement_features_scratch_v03",
  "status": "pass",
  "policy": "source mesh is measurement only; named features are measured, then fresh closed solids are authored",
  "source_component": "source_component_0_upper_front_glacis",
  "source_vertex_count": 20878,
  "source_polygon_count": 24804,
  "source_uv_bounds": {
    "u_min": -0.3657905066911553,
    "u_max": 0.29642196172790136,
    "v_min": -0.3275677512137918,
    "v_max": 0.3268628292134963
  },
  "source_z_quantiles": {
    "z08": 0.15212847292423248,
    "z25": 0.18189644813537598,
    "z70": 0.2541314959526062,
    "z92": 0.27954167127609253
  },
  "required_features": [
    "main_glacis",
    "left_shoulder",
    "right_shoulder",
    "front_face",
    "deck_transition",
    "socket",
    "ring"
  ],
  "features": {
    "main_glacis": {
      "name": "main_glacis",
      "status": "pass",
      "source_sample_count": 4467,
      "uv_bounds": {
        "u_min": -0.24659226237572512,
        "u_max": 0.17722371741247117,
        "v_min": -0.17050441191124266,
        "v_max": 0.16979948991094718
      },
      "world_corners": [
        [
          -0.029652073979377747,
          -0.17102926969528198,
          0.27042627334594727
        ],
        [
          0.39409029483795166,
          -0.1711847335100174,
          0.26252588629722595
        ],
        [
          0.39409029483795166,
          0.16905328631401062,
          0.2558310031890869
        ],
        [
          -0.029652073979377747,
          0.16920875012874603,
          0.2637313902378082
        ]
      ],
      "thickness": 0.055,
      "plane": {
        "point": [
          0.21689735352993011,
          -0.0006483231554739177,
          0.2624751627445221
        ],
        "normal": [
          0.0186446625739336,
          0.019669825211167336,
          0.9996326565742493
        ],
        "u": [
          0.9998262524604797,
          -0.0003668010758701712,
          -0.01864105649292469
        ],
        "v": [
          0.0,
          0.9998064041137695,
          -0.019673245027661324
        ],
        "source_plane_residual_mean": 0.02331375525917753,
        "source_plane_residual_max": 0.09837087290361524,
        "raw_measured_normal": [
          0.24994874000549316,
          0.1624644547700882,
          0.9545317888259888
        ],
        "normal_clamped_to_manufactured_reference": true
      }
    },
    "left_shoulder": {
      "name": "left_shoulder",
      "status": "pass",
      "source_sample_count": 4989,
      "uv_bounds": {
        "u_min": -0.3657905066911553,
        "u_max": -0.18037101553381943,
        "v_min": -0.23594746995397142,
        "v_max": 0.287596994387859
      },
      "world_corners": [
        [
          -0.46125444769859314,
          -0.20105856657028198,
          0.2488064020872116
        ],
        [
          -0.2758685350418091,
          -0.20015764236450195,
          0.2522178292274475
        ],
        [
          -0.2770419716835022,
          0.3182515501976013,
          0.17907875776290894
        ],
        [
          -0.46242788434028625,
          0.3173506259918213,
          0.17566731572151184
        ]
      ],
      "thickness": 0.08,
      "plane": {
        "point": [
          -0.09605902433395386,
          0.0343519002199173,
          0.22257457673549652
        ],
        "normal": [
          -0.01889682747423649,
          0.13963332772254944,
          0.9900229573249817
        ],
        "u": [
          0.9998189210891724,
          0.004858860746026039,
          0.018398508429527283
        ],
        "v": [
          -0.0022413386031985283,
          0.9901913404464722,
          -0.13969986140727997
        ],
        "source_plane_residual_mean": 0.036258506522744566,
        "source_plane_residual_max": 0.08804267109371722,
        "raw_measured_normal": [
          -0.01889682747423649,
          0.13963332772254944,
          0.9900229573249817
        ],
        "normal_clamped_to_manufactured_reference": false
      }
    },
    "right_shoulder": {
      "name": "right_shoulder",
      "status": "pass",
      "source_sample_count": 4832,
      "uv_bounds": {
        "u_min": 0.11100247057056548,
        "u_max": 0.29642196172790136,
        "v_min": -0.23594746995397142,
        "v_max": 0.287596994387859
      },
      "world_corners": [
        [
          0.5107355713844299,
          -0.22342392802238464,
          0.23313918709754944
        ],
        [
          0.6959540247917175,
          -0.22322849929332733,
          0.24176886677742004
        ],
        [
          0.6959332823753357,
          0.30019164085388184,
          0.2303592562675476
        ],
        [
          0.5107148289680481,
          0.29999619722366333,
          0.221729576587677
        ]
      ],
      "thickness": 0.08,
      "plane": {
        "point": [
          0.39984411001205444,
          0.01235050056129694,
          0.22283098101615906
        ],
        "normal": [
          -0.04655326157808304,
          0.021767545491456985,
          0.9986786246299744
        ],
        "u": [
          0.9989157915115356,
          0.0010540214134380221,
          0.04654134437441826
        ],
        "v": [
          -3.953778650611639e-05,
          0.9997624754905701,
          -0.02179301343858242
        ],
        "source_plane_residual_mean": 0.03555975627175144,
        "source_plane_residual_max": 0.06757013750029728,
        "raw_measured_normal": [
          -0.04655326157808304,
          0.021767545491456985,
          0.9986786246299744
        ],
        "normal_clamped_to_manufactured_reference": false
      }
    },
    "front_face": {
      "name": "front_face",
      "status": "pass",
      "source_sample_count": 7991,
      "uv_bounds": {
        "u_min": -0.339302007954393,
        "u_max": 0.2699334629911391,
        "v_min": -0.3275677512137918,
        "v_max": -0.13123857708560535
      },
      "world_corners": [
        [
          -0.171301007270813,
          -0.5559877157211304,
          0.280643105506897
        ],
        [
          0.43782860040664673,
          -0.5562111735343933,
          0.26928630471229553
        ],
        [
          0.43782860040664673,
          -0.3599199950695038,
          0.26542386412620544
        ],
        [
          -0.171301007270813,
          -0.35969650745391846,
          0.2767806649208069
        ]
      ],
      "thickness": 0.09,
      "plane": {
        "point": [
          0.16794204711914062,
          -0.22860780358314514,
          0.2678738236427307
        ],
        "normal": [
          0.0186446625739336,
          0.019669825211167336,
          0.9996326565742493
        ],
        "u": [
          0.9998262524604797,
          -0.0003668010758701712,
          -0.01864105649292469
        ],
        "v": [
          0.0,
          0.9998064041137695,
          -0.019673245027661324
        ],
        "source_plane_residual_mean": 0.05154510424291382,
        "source_plane_residual_max": 0.1433765161782503,
        "raw_measured_normal": [
          0.010731793940067291,
          -0.248536616563797,
          0.9685630202293396
        ],
        "normal_clamped_to_manufactured_reference": true
      }
    },
    "deck_transition": {
      "name": "deck_transition",
      "status": "pass",
      "source_sample_count": 7177,
      "uv_bounds": {
        "u_min": -0.3128135092176308,
        "u_max": 0.24344496425437684,
        "v_min": 0.13053365508530987,
        "v_max": 0.3268628292134963
      },